<?xml version="1.0" encoding="UTF-8"?>
<project-private xmlns="http://www.netbeans.org/ns/project-private/1">
    <editor-bookmarks xmlns="http://www.netbeans.org/ns/editor-bookmarks/2" lastBookmarkId="0"/>
    <open-files xmlns="http://www.netbeans.org/ns/projectui-open-files/2">
        <group>
            <file>file:/D:/mkel5/Documents/NetBeansProjects/Pokemon2/src/Juego/Pokemon.java</file>
            <file>file:/D:/mkel5/Documents/NetBeansProjects/Pokemon2/src/Juego/Pokedex.java</file>
            <file>file:/D:/mkel5/Documents/NetBeansProjects/Pokemon2/src/Juego/Jugador.java</file>
            <file>file:/D:/mkel5/Documents/NetBeansProjects/Pokemon2/src/Juego/Batalla.java</file>
            <file>file:/D:/mkel5/Documents/NetBeansProjects/Pokemon2/src/Juego/Juego.java</file>
        </group>
    </open-files>
</project-private>
